date,symbol_code,sector_code,company_short_name,opening_rate,highest_rate,lowest_rate,current_rate,current_turnover,lastday_closing_price
02OCT2024,786,0813,786 Invest Ltd,6.0,6.19,5.9,5.9,5030,6.27
02OCT2024,AABS,0826,Al-Abbas Sugar,594.98,594.98,593.98,590,18,590
02OCT2024,AATM,0830,Ali Asghar Textile,64.9,64.9,57,62.29,1691,60.81
02OCT2024,ABL,0807,Allied Bank Ltd,110.29,113,110.29,111.1,36461,110.29
02OCT2024,ABOT,0823,Abbott Lab.,769.99,770,760.02,766.73,36753,765.08
02OCT2024,ACIETF,0837,Alfalah Consumer,9.9,9.9,9.9,9.9,2000,9.99
02OCT2024,ACPL,0804,Attock Cement,94.0,94,90.12,91.47,64013,92.96
02OCT2024,ADAMS,0826,Adam Sugar,43.88,43.89,43.88,43.88,501,42.09
02OCT2024,ADMM,0829,Artistic Denim,41.35,41.35,40.5,40.77,9029,40.45
02OCT2024,AGHA,0808,Agha Steel Ind.,10.71,11.03,10.05,10.72,30832938,10.79
02OCT2024,AGHA-DEC,40,Agha Steel Ind.,0.0,0,0,11.27,0,11.35
02OCT2024,AGHA-NOV,40,Agha Steel Ind.,0.0,0,0,11.09,0,11.17
02OCT2024,AGHA-OCT,40,Agha Steel Ind.,10.89,11.15,10.29,10.78,3316000,10.95
02OCT2024,AGIC,0812,Ask.Gen.Insur.,21.6,21.8,21.01,21.74,7297,21.5
02OCT2024,AGIL,0802,Agriautos Ind.,84.03,85,84.03,84.69,1441,83.34
02OCT2024,AGL,0805,Agritech Limited,37.5,39.44,37,38.92,6561312,37.03
02OCT2024,AGL-DEC,40,Agritech Limited,0.0,0,0,40.9,0,38.94
02OCT2024,AGLNCPS,0805,Agritechn-v(PRE,20.9,20.9,20.9,19,10,19
02OCT2024,AGL-NOV,40,Agritech Limited,0.0,0,0,40.26,0,38.33
02OCT2024,AGL-OCT,40,Agritech Limited,36.99,39.89,36.99,39.17,4689500,37.52
02OCT2024,AGP,0823,AGP Limited,112.95,114,112.25,113.61,102141,113.24
02OCT2024,AGSML,0826,Abdullah Shah,6.14,6.15,5.95,6.13,906,6
02OCT2024,AGTL,0801,AL-Ghazi Tractors,387.01,396,387.01,395.1,9360,395.1
02OCT2024,AHCL,0809,Arif Habib Corp,57.5,59.9,53.2,58.76,179659,58.32
02OCT2024,AHL,0813,Arif Habib Ltd.,59.26,60.88,59.25,59.57,14605,59.71
02OCT2024,AICL,0812,Adamjee Ins.,33.33,33.99,33,33.09,35428,33.7
02OCT2024,AICL-DEC,40,Adamjee Ins.,0.0,0,0,34.78,0,35.44
02OCT2024,AICL-NOV,40,Adamjee Ins.,0.0,0,0,34.23,0,34.88
02OCT2024,AICL-OCTB,40,Adamjee Ins.,0.0,0,0,33.54,0,34.24
02OCT2024,AIRLINK,0828,Air Link CommunXD,131.5,135.89,131.49,133.85,8248430,131.25
02OCT2024,AIRLINK-DEC,40,Air Link CommunXD,0.0,0,0,140.67,0,138.02
02OCT2024,AIRLINK-NOVB,40,Air Link CommunXD,0.0,0,0,138.45,0,135.84
02OCT2024,AIRLINK-OCTB,40,Air Link CommunXD,133.49,137.25,132.8,135.35,5892000,132.78
02OCT2024,AKBL,0807,Askari Bank,26.88,26.99,26.01,26.4,251481,26.59
02OCT2024,AKBL-DEC,40,Askari Bank,0.0,0,0,27.75,0,27.96
02OCT2024,AKBL-NOV,40,Askari Bank,0.0,0,0,27.31,0,27.52
02OCT2024,AKBL-OCT,40,Askari Bank,27.0,27.39,26.5,27.13,48500,26.8
02OCT2024,AKDHL,0818,AKD Hospitality,139.87,139.87,137.99,138.52,555,138.16
02OCT2024,AKDSL,0813,AKD Securites L,17.25,19.15,17,18.82,3032832,17.56
02OCT2024,AKGL,0818,AL-Khair Gadoon,0.0,0,0,36.42,1,36.42
02OCT2024,ALAC,0812,Askari Life Ass,4.67,4.99,4.67,4.63,2,4.63
02OCT2024,ALIFE,0812,Adamjee Life Assuran,32.16,36.44,32.16,35.2,3900,34.5
02OCT2024,ALTN,0824,Altern Energy,22.05,23,21.6,21.75,403007,22.87
02OCT2024,AMTEX,0830,Amtex Limited,3.21,3.4,3.16,3.24,995029,3.21
02OCT2024,ANL,0829,Azgard Nine,7.45,7.45,7.12,7.14,466723,7.39
02OCT2024,ANTM,0829,AN Textile Mill,12.66,14.83,12.66,13.08,20108,13.48
02OCT2024,APL,0821,Attock Petroleum,408.01,418,405.11,415.93,29571,404.1
02OCT2024,ARCTM,0830,Arctic Textile,22.0,22,20,20.72,12587,22
02OCT2024,ARPAK,0818,Arpak Int.,50.0,50,50,51.25,1,51.25
02OCT2024,ARPL,0805,Archroma Pak,293.0,295,284,284.05,3738,288
02OCT2024,ARUJ,0829,Aruj Industries,10.1,10.39,9.76,10,36044,9.99
02OCT2024,ASC,0810,Al-Shaheer Corp,6.4,6.49,6.11,6.18,1157900,6.4
02OCT2024,ASC-DEC,40,Al-Shaheer Corp,0.0,0,0,6.5,0,6.73
02OCT2024,ASC-NOV,40,Al-Shaheer Corp,0.0,0,0,6.39,0,6.62
02OCT2024,ASC-OCT,40,Al-Shaheer Corp,6.39,6.4,6.21,6.28,300500,6.43
02OCT2024,ASL,0808,Aisha Steel Mill,6.5,6.68,6.46,6.54,1320382,6.55
02OCT2024,ASL-DEC,40,Aisha Steel Mill,0.0,0,0,6.87,0,6.89
02OCT2024,ASL-NOV,40,Aisha Steel Mill,0.0,0,0,6.76,0,6.78
02OCT2024,ASL-OCT,40,Aisha Steel Mill,6.6,6.8,6.52,6.57,58000,6.57
02OCT2024,ASLPS,0808,Aisha StelCoP/S,9.5,9.5,9.21,9.49,522,9.2
02OCT2024,ASTL,0808,Amreli Steels,18.01,18.8,17.65,17.74,223513,18.34
02OCT2024,ASTM,0830,Asim Textile,14.15,16,14,15.92,321275,14.9
02OCT2024,ATBA,0802,Atlas Battery,339.9,343.99,335,337.86,9042,339.91
02OCT2024,ATIL,0812,Atlas Ins. Ltd,41.0,41,41,40.21,100,40.21
02OCT2024,ATLH,0801,Atlas Honda Ltd,665.0,669,650.9,656.96,4304,665.01
02OCT2024,ATRL,0825,Attock Refinery,326.0,331.99,324.06,326.67,357182,328.25
02OCT2024,ATRL-DEC,40,Attock Refinery,0.0,0,0,329.88,0,331.67
02OCT2024,ATRL-NOVB,40,Attock Refinery,0.0,0,0,324.67,0,326.43
02OCT2024,ATRL-OCTB,40,Attock Refinery,318.75,324.85,318,319.51,158500,321.65
02OCT2024,AVN,0828,Avanceon Ltd,51.31,52.48,51,51.08,592826,51.47
02OCT2024,AVN-DEC,40,Avanceon Ltd,0.0,0,0,53.68,0,54.12
02OCT2024,AVN-NOV,40,Avanceon Ltd,0.0,0,0,52.84,0,53.27
02OCT2024,AVN-OCT,40,Avanceon Ltd,51.97,53,51.61,51.67,136000,52.09
02OCT2024,AWTX,0830,Allawasaya Tex,1200.0,1200,1200,1297.54,1,1297.54
02OCT2024,BAFL,0807,Bank Al-Falah,58.75,60.9,57.5,60,755038,58.38
02OCT2024,BAFL-DEC,40,Bank Al-Falah,0.0,0,0,63.06,0,61.39
02OCT2024,BAFL-NOV,40,Bank Al-Falah,0.0,0,0,62.06,0,60.42
02OCT2024,BAFL-OCTB,40,Bank Al-Falah,60.0,60,60,60,2000,58.75
02OCT2024,BAFS,0826,Baba Farid,44.0,50,44,45,625,48.65
02OCT2024,BAHL,0807,Bank AL-Habib,99.51,100.6,98.51,99.42,87492,100.58
02OCT2024,BAHL-DEC,40,Bank AL-Habib,0.0,0,0,104.49,0,105.77
02OCT2024,BAHL-NOV,40,Bank AL-Habib,0.0,0,0,102.84,0,104.1
02OCT2024,BAHL-OCTB,40,Bank AL-Habib,101.67,101.67,101.1,101.1,5000,102.01
02OCT2024,BAPL,0805,Bawany Air Pro(DEF.),34.5,35.9,32.51,33.23,44669,34.76
02OCT2024,BATA,0816,Bata (Pak),1670.0,1670,1655,1659.95,52,1660.74
02OCT2024,BBFL,0810,Big Bird Foods Ltd.,76.01,78.9,75.5,76.99,384924,76.73
02OCT2024,BCL,0808,Bolan Casting,103.0,103,98.1,99.85,321355,103.07
02OCT2024,BECO,0808,Beco Steel Ltd,6.11,6.56,6.11,6.49,5256,6.42
02OCT2024,BERG,0805,Berger Paints,81.0,86.75,81,86.15,123258,81
02OCT2024,BFMOD,0819,B.F.Modaraba,8.5,8.5,8.5,8.49,4,8.49
02OCT2024,BGL,0811,Bal.Glass,11.33,11.6,11.24,11.31,630923,11.47
02OCT2024,BIFO,0805,Biafo Industries,112.5,115,109.1,111.6,77597,112.21
02OCT2024,BILF,0830,Bilal Fibres,17.16,19.42,17.14,19.42,730068,17.65
02OCT2024,BIPL,0807,Bankislami Pak,20.4,21,20.3,20.49,261230,20.39
02OCT2024,BIPL-DEC,40,Bankislami Pak,0.0,0,0,21.53,0,21.44
02OCT2024,BIPL-NOV,40,Bankislami Pak,0.0,0,0,21.19,0,21.1
02OCT2024,BIPL-OCTB,40,Bankislami Pak,18.69,21.32,18.69,20.78,3000,20.64
02OCT2024,BKTI-DEC,41,BKTI,0.0,0,0,21596,0,21357
02OCT2024,BKTI-NOV,41,BKTI,0.0,0,0,21315,0,21080
02OCT2024,BKTI-OCT,41,BKTI,0.0,0,0,20964,0,20733
02OCT2024,BML,0807,Bank Makramah,2.07,2.09,1.99,1.99,218489,2.03
02OCT2024,BNL,0810,Bunnys Limited,13.7,13.7,13.2,13.28,152139,13.72
02OCT2024,BNWM,0835,Bannu Woollen,30.25,30.85,30.16,30.47,2241,30.5
02OCT2024,BOK,0807,Bank Of Khyber,11.48,11.5,11.42,11.42,1809,11.62
02OCT2024,BOP,0807,B.O.Punjab,5.1,5.14,5.03,5.05,1877281,5.1
02OCT2024,BOP-DEC,40,B.O.Punjab,0.0,0,0,5.31,0,5.36
02OCT2024,BOP-NOV,40,B.O.Punjab,0.0,0,0,5.22,0,5.28
02OCT2024,BOP-OCT,40,B.O.Punjab,5.18,5.2,5.11,5.12,55500,5.19
02OCT2024,BPL,0821,Burshane LPG,29.25,29.25,28,28.26,60830,29.84
02OCT2024,BRRG,0838,B.R.R Guardia Ltd,15.5,15.5,14.95,15,32594,14.88
02OCT2024,BTL,0829,Blessed Tex.,202.53,219,202.51,222.15,717,222.15
02OCT2024,BUXL,0805,Buxly Paints,168.99,168.99,150.01,161.02,5812,158.17
02OCT2024,BWCL,0804,Bestway Cement,238.97,238.97,234,236.46,7378,235.45
02OCT2024,BWHL,0802,Bal.Wheels,102.0,108,102,105,1760,105.44
02OCT2024,CASH,0813,Calcorp Limited,23.99,23.99,23.99,25.19,1,25.19
02OCT2024,CENI,0812,Century Ins.,27.64,27.7,26.31,27.5,12008,27
02OCT2024,CEPB,0822,Century Paper,25.4,25.4,24.7,24.94,312659,25.35
02OCT2024,CEPB-DEC,40,Century Paper,0.0,0,0,26.21,0,26.66
02OCT2024,CEPB-NOV,40,Century Paper,0.0,0,0,25.8,0,26.24
02OCT2024,CEPB-OCT,40,Century Paper,25.35,25.59,25.29,25.31,6500,25.63
02OCT2024,CFL,0830,Crescent Fibres,53.0,64.7,53,58.82,3,58.82
02OCT2024,CHAS,0826,Chashma Sugar,61.98,61.98,58,60,719,60
02OCT2024,CHBL,0829,Chenab Limited,6.7,7.25,6.65,6.76,580463,6.73
02OCT2024,CHCC,0804,Cherat Cement,181.7,182.6,175.32,176.08,108407,181.55
02OCT2024,CHCC-DEC,40,Cherat Cement,0.0,0,0,180.9,0,186.61
02OCT2024,CHCC-NOVB,40,Cherat Cement,0.0,0,0,178.04,0,183.67
02OCT2024,CHCC-OCTB,40,Cherat Cement,0.0,0,0,174.47,0,179.99
02OCT2024,CLCPS,0829,Chenab Ltd.(Pre,3.18,3.18,2.81,2.99,400992,3.01
02OCT2024,CLOUD,0830,Chakwal Spinning,66.0,67.7,60.35,61.02,946691,67.06
02OCT2024,CLOV,0810,Clover Pakistan,40.2,41.5,40.02,40.25,97943,40.8
02OCT2024,CLVL,0833,Cordoba Logist,15.8,15.8,14,14.69,2,14.69
02OCT2024,CNERGY,0825,Cnergyico PK,3.87,3.87,3.78,3.8,2622004,3.83
02OCT2024,CNERGY-DEC,40,Cnergyico PK,0.0,0,0,3.99,0,4.03
02OCT2024,CNERGY-NOV,40,Cnergyico PK,0.0,0,0,3.93,0,3.96
02OCT2024,CNERGY-OCT,40,Cnergyico PK,3.84,3.9,3.84,3.85,898000,3.88
02OCT2024,COLG,0810,Colgate PalmXD,1190.99,1209,1190.99,1199.96,3629,1201.05
02OCT2024,CPHL,0823,Citi Pharma Ltd,36.99,38.98,36.7,36.86,9946505,35.88
02OCT2024,CPHL-DEC,40,Citi Pharma Ltd,0.0,0,0,38.74,0,37.73
02OCT2024,CPHL-NOV,40,Citi Pharma Ltd,0.0,0,0,38.13,0,37.14
02OCT2024,CPHL-OCT,40,Citi Pharma Ltd,38.0,39.05,36.8,37.03,1981500,36.29
02OCT2024,CPPL,0822,Cherat Packg,102.93,102.93,102,102,26353,100.64
02OCT2024,CRTM,0829,Crescent Tex.,11.4,11.8,11.4,11.51,539191,11.58
02OCT2024,CSAP,0808,Crescent Steel,87.95,96.47,86,95.38,5438329,87.7
02OCT2024,CSIL,0812,Cres.Star Ins.,2.81,2.85,2.75,2.76,109292,2.83
02OCT2024,CTM,0830,Colony Tex.Mills Ltd,5.15,5.15,4.7,4.74,319430,4.86
02OCT2024,DAAG,0805,Data Agro,93.5,98,88,89.83,14613,95.54
02OCT2024,DADX,0808,Dadex Eternit,47.01,49.99,47.01,47.39,677,48.28
02OCT2024,DAWH,0813,Dawood Hercules,139.95,140.1,137.12,138.4,41000,139
02OCT2024,DBCI,0804,Dadabhoy Cement,5.05,5.2,4.7,4.72,45027,5.15
02OCT2024,DCL,0804,Dewan Cement,7.77,7.88,7.26,7.4,2234419,7.76
02OCT2024,DCL-DEC,40,Dewan Cement,0.0,0,0,7.78,0,8.16
02OCT2024,DCL-NOV,40,Dewan Cement,0.0,0,0,7.65,0,8.03
02OCT2024,DCL-OCT,40,Dewan Cement,7.8,7.85,7.12,7.5,1052500,7.84
02OCT2024,DCR,0836,Dolmen CityXD,17.16,17.45,17.16,17.4,275067,17.21
02OCT2024,DCR-DEC,40,Dolmen CityXD,0.0,0,0,18.29,0,18.1
02OCT2024,DCR-NOVB,40,Dolmen CityXD,0.0,0,0,18,0,17.81
02OCT2024,DCR-OCTB,40,Dolmen CityXD,0.0,0,0,17.64,0,17.45
02OCT2024,DEL,0813,Dawood Equities,7.1,8.07,7.1,8.07,1106310,7.07
02OCT2024,DFML,0801,Dewan Motors,47.0,47.29,45.1,45.36,2955668,47.32
02OCT2024,DFML-DEC,40,Dewan Motors,0.0,0,0,47.67,0,49.76
02OCT2024,DFML-NOV,40,Dewan Motors,0.0,0,0,46.92,0,48.98
02OCT2024,DFML-OCT,40,Dewan Motors,47.2,47.9,45.6,45.91,3115000,47.99
02OCT2024,DFSM,0830,Dewan Farooque Sp.,4.0,4.18,3.86,3.88,67403,3.94
02OCT2024,DGKC,0804,D.G.K.Cement,75.12,76.74,75,75.17,1525717,76.49
02OCT2024,DGKC-DEC,40,D.G.K.Cement,0.0,0,0,79,0,80.44
02OCT2024,DGKC-NOV,40,D.G.K.Cement,0.0,0,0,77.75,0,79.17
02OCT2024,DGKC-OCT,40,D.G.K.Cement,76.0,77.61,75.31,76.08,1038500,77.35
02OCT2024,DIIL,0818,Diamond Ind.,19.02,19.02,19.02,19,1,19
02OCT2024,DINT,0830,Din Textile,62.0,62,62,56.5,79,56.5
02OCT2024,DLL,0813,Dawood Law,208.39,208.39,208.39,202,1,202
02OCT2024,DOL,0805,Descon Oxychem,20.11,20.8,20.1,20.69,241910,20.18
02OCT2024,DSIL,0830,D.S. Ind. Ltd.,5.14,5.6,5.06,5.47,767834,5.2
02OCT2024,DSL,0808,Dost Steels Ltd.,5.73,5.73,5.41,5.51,216948,5.62
02OCT2024,DSML,0830,Dar-es-Salaam,37.27,45,37.26,42.57,5150,41.34
02OCT2024,DWAE,0802,Dewan Auto Engg,44.51,44.99,42.5,42.92,13889,44.61
02OCT2024,DWSM,0826,Dewan Sugar,4.5,4.5,4,4.26,48102,4.65
02OCT2024,DWTM,0830,Dewan Textile,6.45,7.74,6.45,7.19,12900,7.27
02OCT2024,DYNO,0805,Dynea Pakistan,198.9,204.99,195.35,200.17,21407,198.94
02OCT2024,ECOP,0818,ECOPACK Ltd,22.0,22.5,20.75,21.96,34377,22.58
02OCT2024,EFERT,0809,Engro Fert,189.9,190.11,186.1,187.12,936552,190.11
02OCT2024,EFERT-DEC,40,Engro Fert,0.0,0,0,196.66,0,199.92
02OCT2024,EFERT-NOV,40,Engro Fert,0.0,0,0,193.55,0,196.76
02OCT2024,EFERT-OCTB,40,Engro Fert,190.5,191.75,188,188.82,27000,193
02OCT2024,EFGH,0813,EFG Hermes Pak,42.5,42.5,41.01,41.67,17417,43.39
02OCT2024,EFUG,0812,EFU GeneralXD,93.99,93.99,88.5,89.19,2027,86.74
02OCT2024,EFUL,0812,EFU Life Assur,186.01,186.01,184,184.14,558,187.04
02OCT2024,ELSM,0830,Ellcot Spinning,80.0,83.1,80,80.01,454,78.19
02OCT2024,EMCO,0803,EMCO Industries,35.0,35,35,35,95900,35
02OCT2024,ENGRO,0809,Engro Corp,304.0,310,302.01,308.71,544603,304.13
02OCT2024,ENGRO-DEC,40,Engro Corp,0.0,0,0,324.45,0,319.82
02OCT2024,ENGRO-NOV,40,Engro Corp,0.0,0,0,319.33,0,314.77
02OCT2024,ENGRO-OCTB,40,Engro Corp,309.83,310,309.83,310,4000,307
02OCT2024,EPCL,0805,Engro Polymer,31.5,32.35,31.5,31.66,594937,31.95
02OCT2024,EPCL-DEC,40,Engro Polymer,0.0,0,0,33.27,0,33.6
02OCT2024,EPCL-NOV,40,Engro Polymer,0.0,0,0,32.75,0,33.07
02OCT2024,EPCL-OCT,40,Engro Polymer,32.45,32.45,31.85,32.04,23500,32.14
02OCT2024,EPCLPS,0805,Engro Poly (Pref),10.5,10.5,10.5,10.28,190,10.25
02OCT2024,EPQL,0824,Engro Powergen,24.89,24.94,24.42,24.8,123566,24.44
02OCT2024,EPQL-OCTB,40,Engro Powergen,0.0,0,0,25.14,0,24.79
02OCT2024,ESBL,0813,Escorts Bank,3.99,3.99,3.45,3.6,23350,3.53
02OCT2024,EWIC,0812,East West Ins-XB,41.45,41.45,33.94,37.71,3,37.71
02OCT2024,EXIDE,0802,Exide (PAK),865.0,883.63,865,874.38,7880,873.99
02OCT2024,FABL,0807,Faysal Bank,44.99,45.32,44,45.01,1816794,45.2
02OCT2024,FABL-DEC,40,Faysal Bank,0.0,0,0,47.3,0,47.53
02OCT2024,FABL-NOV,40,Faysal Bank,0.0,0,0,46.56,0,46.78
02OCT2024,FABL-OCTB,40,Faysal Bank,45.01,45.51,44.5,45.48,65000,45.94
02OCT2024,FASM,0829,Faisal Spinning,0.0,0,0,222.1,3,222.1
02OCT2024,FATIMA,0809,Fatima Fert,61.5,62.97,61.21,61.97,12822245,61.11
02OCT2024,FATIMA-DEC,40,Fatima Fert,0.0,0,0,65.13,0,64.26
02OCT2024,FATIMA-NOV,40,Fatima Fert,0.0,0,0,64.1,0,63.25
02OCT2024,FATIMA-OCTB,40,Fatima Fert,62.0,63.66,61.9,62.6,6490500,61.64
02OCT2024,FCCL,0804,Fauji Cement,26.47,27.69,26.22,27.41,20045582,26.62
02OCT2024,FCCL-DEC,40,Fauji Cement,0.0,0,0,27.66,0,26.88
02OCT2024,FCCL-NOVB,40,Fauji Cement,0.0,0,0,27.23,0,26.45
02OCT2024,FCCL-OCTB,40,Fauji Cement,26.49,27.17,25.56,26.84,6236500,26.03
02OCT2024,FCEL,0813,First Cap.Equit,8.72,8.72,8.72,7.72,1,7.72
02OCT2024,FCEPL,0810,Frieslandcampina,58.6,59.1,58.15,58.8,217765,58.94
02OCT2024,FCEPL-DEC,40,Frieslandcampina,0.0,0,0,61.8,0,61.98
02OCT2024,FCEPL-NOV,40,Frieslandcampina,0.0,0,0,60.82,0,61
02OCT2024,FCEPL-OCT,40,Frieslandcampina,59.62,59.62,59.55,59.55,5000,59.97
02OCT2024,FCL,0803,Fast Cables Ltd.,23.0,23.55,22.75,22.99,882687,23.01
02OCT2024,FCSC,0813,Ist.Capital Sec,2.59,2.63,2.37,2.43,1836002,2.52
02OCT2024,FDPL,0813,First Dawood Prop,2.27,2.39,2.22,2.28,473628,2.3
02OCT2024,FECM,0819,Elite Cap.Mod,7.45,7.99,7,7.6,2699,7.53
02OCT2024,FECTC,0804,Fecto Cement,32.0,32,30.02,31,3695,31.49
02OCT2024,FEM,0819,Equity Modaraba,3.32,3.33,3,3.02,562,3.2
02OCT2024,FEROZ,0823,Ferozsons (Lab),288.03,294.95,288.02,291.57,47408,290.94
02OCT2024,FEROZ-DEC,40,Ferozsons (Lab),0.0,0,0,306.44,0,305.95
02OCT2024,FEROZ-NOV,40,Ferozsons (Lab),0.0,0,0,301.6,0,301.12
02OCT2024,FEROZ-OCT,40,Ferozsons (Lab),293.5,298,293,295.63,10000,295.08
02OCT2024,FFBL,0809,Fauji Fert Bin,49.88,50.2,49.32,49.85,4822726,49.94
02OCT2024,FFBL-DEC,40,Fauji Fert Bin,0.0,0,0,52.39,0,52.52
02OCT2024,FFBL-NOV,40,Fauji Fert Bin,0.0,0,0,51.56,0,51.69
02OCT2024,FFBL-OCT,40,Fauji Fert Bin,49.6,50.7,49.53,50.22,780500,50.39
02OCT2024,FFC,0809,Fauji Fert,221.3,227.4,220.5,225.03,2159363,222.31
02OCT2024,FFC-DEC,40,Fauji Fert,0.0,0,0,236.5,0,233.78
02OCT2024,FFC-NOV,40,Fauji Fert,0.0,0,0,232.77,0,230.09
02OCT2024,FFC-OCTB,40,Fauji Fert,225.0,229.45,225,226.51,359000,225.14
02OCT2024,FFL,0810,Fauji Foods Ltd,8.5,8.7,8.44,8.5,3073266,8.56
02OCT2024,FFL-DEC,40,Fauji Foods Ltd,0.0,0,0,8.93,0,9
02OCT2024,FFLM,0819,1st.Fid.Leasing,2.6,2.6,2.6,2.26,7,2.26
02OCT2024,FFL-NOV,40,Fauji Foods Ltd,0.0,0,0,8.79,0,8.86
02OCT2024,FFL-OCT,40,Fauji Foods Ltd,8.69,8.83,8.51,8.59,597500,8.63
02OCT2024,FHAM,0819,Habib Modaraba-XD,14.77,15.48,14.36,14.81,24281,14.31
02OCT2024,FIL,0816,Fateh Industries,140.0,140,133.15,137.38,1417,147.93
02OCT2024,FIMM,0819,Imrooz Modaraba,171.6,171.6,171.6,156,1,156
02OCT2024,FLYNG,0804,Flying Cement,17.99,18,16.6,16.71,10435919,17.94
02OCT2024,FLYNG-DEC,40,Flying Cement,0.0,0,0,17.56,0,18.87
02OCT2024,FLYNG-NOV,40,Flying Cement,0.0,0,0,17.28,0,18.57
02OCT2024,FLYNG-OCT,40,Flying Cement,18.17,18.2,16.69,16.78,7164500,18.17
02OCT2024,FML,0829,Feroze 1888,70.0,72,70,72,700,74
02OCT2024,FNEL,0813,F. Nat.Equities,3.69,3.69,3.54,3.57,419612,3.7
02OCT2024,FPJM,0819,Punjab Mod,2.56,2.8,2.5,2.56,21408,2.6
02OCT2024,FPRM,0819,Paramount Mod,8.75,9,8.75,8.75,2352,9.42
02OCT2024,FRCL,0811,Frontier Ceram,17.61,19.25,17.61,18,1384,19.49
02OCT2024,FRSM,0826,Faran Sugar,46.99,46.99,46.99,44,75,44
02OCT2024,FSWL,0829,Fateh Sports,101.0,101,100.9,112,204,112
02OCT2024,FTMM,0819,F.Treet Manuf,4.51,4.53,4.39,4.41,53236,4.5
02OCT2024,FTSM,0819,Tri-Star 1st Mod.,15.11,16.62,15.11,15.14,5,15.14
02OCT2024,FZCM,0829,Fazal Cloth,123.11,139.49,123.11,135,523,133.71
02OCT2024,GADT,0830,Gadoon Textile,179.95,179.95,175.5,178.97,3955,176.32
02OCT2024,GAL,0801,Ghandhara Automobile,215.0,220,208.06,210.29,817443,218.5
02OCT2024,GAL-DEC,40,Ghandhara Automobile,0.0,0,0,221.01,0,229.77
02OCT2024,GAL-NOV,40,Ghandhara Automobile,0.0,0,0,217.52,0,226.14
02OCT2024,GAL-OCT,40,Ghandhara Automobile,217.0,222,210.25,212.57,467500,221.18
02OCT2024,GAMON,0818,Gammon Pak,45.06,47.99,44,44.54,31775,47.06
02OCT2024,GATI,0827,Gatron Ind.,188.9,188.9,188,188.49,1181,186.59
02OCT2024,GATM,0829,Gul Ahmed,20.6,21,20.03,20.73,1373456,20.53
02OCT2024,GATM-DEC,40,Gul Ahmed,0.0,0,0,21.79,0,21.59
02OCT2024,GATM-NOV,40,Gul Ahmed,0.0,0,0,21.44,0,21.25
02OCT2024,GATM-OCT,40,Gul Ahmed,20.1,21.2,20.1,21,565500,20.73
02OCT2024,GCIL,0805,Ghani Chemical,9.9,9.9,9.61,9.61,29115,9.77
02OCT2024,GEMSPNL,0828,Supernet Ltd.XB,11.0,11.24,10.5,11,9600,10.99
02OCT2024,GFIL,0829,Ghazi Fabrics,11.1,11.1,10.96,10.99,3692,11.15
02OCT2024,GGGL,0811,GhaniGlobalGlass,6.04,6.04,5.82,5.86,394783,5.92
02OCT2024,GGL,0805,Ghani Glo Hol,8.8,8.94,8.72,8.82,928531,8.8
02OCT2024,GGL-DEC,40,Ghani Glo Hol,0.0,0,0,9.27,0,9.25
02OCT2024,GGL-NOV,40,Ghani Glo Hol,0.0,0,0,9.12,0,9.11
02OCT2024,GGL-OCT,40,Ghani Glo Hol,8.9,9.1,8.85,8.93,534000,8.91
02OCT2024,GHGL,0811,Ghani Glass Ltd,25.55,25.78,24.61,25.02,1317716,25.49
02OCT2024,GHGL-DEC,40,Ghani Glass Ltd,0.0,0,0,26.3,0,26.8
02OCT2024,GHGL-NOV,40,Ghani Glass Ltd,0.0,0,0,25.88,0,26.38
02OCT2024,GHGL-OCT,40,Ghani Glass Ltd,25.9,25.9,25,25.05,13000,25.5
02OCT2024,GHNI,0801,Ghandhara Ind.,329.0,331,316.56,318.34,548075,330.66
02OCT2024,GHNI-DEC,40,Ghandhara Ind.,0.0,0,0,334.57,0,347.72
02OCT2024,GHNI-NOV,40,Ghandhara Ind.,0.0,0,0,329.29,0,342.23
02OCT2024,GHNI-OCT,40,Ghandhara Ind.,330.0,333.47,319.05,321.12,352500,333.56
02OCT2024,GLAXO,0823,GlaxoSmithKline,197.0,205.5,195,196.96,190147,197.58
02OCT2024,GLPL,0810,Gillette Pak,144.99,144.99,136.01,137.52,201,136.45
02OCT2024,GOC,0818,GOC (Pak) Ltd.,61.48,61.48,58.4,61,2059,61.09
02OCT2024,GRR,0836,Globe Residency XD,12.8,13.49,12.6,12.63,23028,12.45
02OCT2024,GSPM,0830,Gulshan Sp.,4.75,4.9,4.43,4.9,68439,3.9
02OCT2024,GTYR,0802,Ghandhara Tyre,37.77,37.77,36.7,36.84,267919,37.46
02OCT2024,GUSM,0830,Gulistan Sp.,12.5,12.59,11.5,11.7,43536,12.25
02OCT2024,GVGL,0811,Ghani Value Glas,46.68,47.4,40.59,41.73,77790,45.1
02OCT2024,GWLC,0804,Gharibwal Cement,26.35,26.35,25.19,25.93,280758,26.1
02OCT2024,HABSM,0826,Habib Sugar,68.0,68.4,67.1,68.2,1313,67.5
02OCT2024,HAEL,0829,Hala Enterprise,11.9,12.52,11.5,12.1,62211,12.24
02OCT2024,HAFL,0829,Hafiz Limited,238.0,238,235,224.53,36,224.53
02OCT2024,HALEON,0823,Haleon Pakistan,560.0,560,548,554.05,66230,557.85
02OCT2024,HASCOL,0821,Hascol Petrol,6.7,6.94,6.54,6.57,4845249,6.77
02OCT2024,HBL,0807,Habib Bank,124.75,127,123.1,126.62,4590754,124.94
02OCT2024,HBL-DEC,40,Habib Bank,0.0,0,0,133.08,0,131.38
02OCT2024,HBL-NOV,40,Habib Bank,0.0,0,0,130.97,0,129.31
02OCT2024,HBL-OCTB,40,Habib Bank,126.0,128,125.4,127.97,317500,126.42
02OCT2024,HBLTETF,0837,HBL Total Treasury,108.66,108.66,108.66,108.66,2900,108.54
02OCT2024,HCAR,0801,Honda Atlas Cars,250.51,251.89,245,246.45,123607,251.64
02OCT2024,HCL,0828,Hallmark Company Ltd,1076.0,1149,1005.06,1107.88,1631,1116.73
02OCT2024,HGFA,0806,HBL Growth Fund,6.5,6.5,6.37,6.39,7052,6.69
02OCT2024,HIFA,0806,HBL Invest Fund,2.31,2.42,2.3,2.33,509470,2.4
02OCT2024,HINO,0801,Hinopak Motor,260.04,260.04,255,255,745,260.04
02OCT2024,HINOON,0823,Highnoon (Lab),695.0,705,691,699,12493,700.16
02OCT2024,HIRAT,0830,Hira Textile,3.05,3.55,3.05,3.52,941604,3.29
02OCT2024,HMB,0807,Habib Metropol,69.0,69,67.5,68.01,270414,68
02OCT2024,HPL,0823,Hoechst Pak Ltd,2030.0,2030,2010,2010.03,28,2058.17
02OCT2024,HRPL,0826,Habib Rice Prod,32.5,34.74,32.5,33.08,107,33.08
02OCT2024,HSPI,0808,Huffaz Seamless,10.95,10.95,10.94,10.97,65,10.97
02OCT2024,HTL,0821,HI-Tech Lub.,34.2,35,34,34.5,179229,34.78
02OCT2024,HUBC,0824,Hub Power Co.XD,126.98,128.8,123.25,123.77,9435125,126.47
02OCT2024,HUBC-DEC,40,Hub Power Co.XD,0.0,0,0,130.08,0,132.99
02OCT2024,HUBC-NOVB,40,Hub Power Co.XD,0.0,0,0,128.03,0,130.89
02OCT2024,HUBC-OCTB,40,Hub Power Co.XD,126.51,128.4,123.65,123.97,4537500,126.54
02OCT2024,HUMNL,0828,Hum Network,10.29,10.29,9.75,9.82,1625961,10.03
02OCT2024,HUMNL-DEC,40,Hum Network,0.0,0,0,10.32,0,10.55
02OCT2024,HUMNL-NOV,40,Hum Network,0.0,0,0,10.16,0,10.38
02OCT2024,HUMNL-OCT,40,Hum Network,10.15,10.23,9.8,9.94,360500,10.2
02OCT2024,HUSI,0838,Hussain Industries,21.0,21.98,19.99,21.61,375,21.61
02OCT2024,HWQS,0826,Haseeb Waqas Sugar,9.1,9.42,9.03,9.32,3460,9.7
02OCT2024,IBFL,0827,Ibrahim Fibres,359.99,359.99,350,350,20008,353.02
02OCT2024,IBLHL,0823,IBL HealthCare,30.9,31.34,30.66,30.72,64475,30.43
02OCT2024,ICCI,0831,ICC Industries,7.5,7.5,7.45,7.49,2900,7.14
02OCT2024,ICIBL,0813,Invest Bank,1.65,1.7,1.57,1.59,387885,1.56
02OCT2024,ICL,0805,Ittehad Chem.,42.01,46,42,45.37,212235,43.49
02OCT2024,IDRT,0830,Idrees Textile,12.6,12.6,12.6,11.45,1,11.45
02OCT2024,IDSM,0830,Ideal Spinning,13.0,13,12.99,11.86,105,11.86
02OCT2024,IDYM,0830,Indus Dyeing,116.0,118,114,116.63,5553,114.83
02OCT2024,IGIHL,0812,IGI Holdings,151.0,151,149,150.66,16584,147.73
02OCT2024,IGIL,0812,IGI Life Ins,13.18,13.25,12.75,13.1,34026,12.85
02OCT2024,ILP,0829,Interloop Ltd.,71.32,75,71.32,74.81,722238,72.36
02OCT2024,ILP-DEC,40,Interloop Ltd.,0.0,0,0,75.84,0,73.39
02OCT2024,ILP-NOV,40,Interloop Ltd.,0.0,0,0,74.81,0,72.4
02OCT2024,ILP-NOVB,40,Interloop Ltd.,0.0,0,0,74.64,0,72.23
02OCT2024,ILP-OCT,40,Interloop Ltd.,0.0,0,0,74.81,0,72.4
02OCT2024,ILP-OCTB,40,Interloop Ltd.,72.5,72.5,72.49,72.5,2000,70
02OCT2024,IMAGE,0827,Image Pakistan,13.38,13.88,13.15,13.28,1329728,13.6
02OCT2024,IML,0813,Imperial Limite,17.1,20,17.1,19,187,19
02OCT2024,INDU,0801,Indus Motor Co-XD,1734.0,1735,1706.2,1730.98,4672,1732.69
02OCT2024,INIL,0808,Int. Ind.Ltd.XD,139.99,143,136.1,136.52,117644,140.15
02OCT2024,INIL-DEC,40,Int. Ind.Ltd.XD,0.0,0,0,143.48,0,147.38
02OCT2024,INIL-NOVB,40,Int. Ind.Ltd.XD,0.0,0,0,141.21,0,145.05
02OCT2024,INIL-OCTB,40,Int. Ind.Ltd.XD,141.32,142.5,135.7,138.2,8500,141.6
02OCT2024,INKL,0829,Int.Knitwear,17.6,17.6,17.6,16.3,195,16.3
02OCT2024,IPAK,0822,Int. Packaging Films,22.56,22.94,22.5,22.52,51360,22.69
02OCT2024,ISIL,0810,Ismail Ind-XD,1717.01,1717.01,1717,1792.57,3,1792.57
02OCT2024,ISL,0808,Inter.Steel LtdXD,65.0,65,62.7,63.32,330719,65.15
02OCT2024,ISL-DEC,40,Inter.Steel LtdXD,0.0,0,0,66.55,0,68.51
02OCT2024,ISL-NOVB,40,Inter.Steel LtdXD,0.0,0,0,65.5,0,67.43
02OCT2024,ISL-OCTB,40,Inter.Steel LtdXD,64.71,64.71,64,64,5500,65
02OCT2024,ITTEFAQ,0808,Ittefaq Iron Ind,5.9,5.9,5.5,5.52,464140,5.98
02OCT2024,JATM,0830,J.A.Textile,73.9,79.4,68.5,69.91,73211,76.02
02OCT2024,JDMT,0830,Janana D Mal,65.89,65.89,63.5,63.58,9819,65.35
02OCT2024,JDWS,0826,J.D.W.Sugar,530.2,530.2,498.1,499.43,747,504.92
02OCT2024,JGICL,0812,Jubilee Gen.Ins,40.0,40.5,38.01,39.5,15217,39.5
02OCT2024,JLICL,0812,Jubile Life Ins,123.0,123,123,123,1700,123
02OCT2024,JSBL,0807,JS Bank Ltd,9.0,9,8.81,8.9,159105,8.8
02OCT2024,JSBL-DEC,40,JS Bank Ltd,0.0,0,0,9.35,0,9.25
02OCT2024,JSBL-NOV,40,JS Bank Ltd,0.0,0,0,9.21,0,9.11
02OCT2024,JSBL-OCT,40,JS Bank Ltd,0.0,0,0,9.02,0,9.11
02OCT2024,JSCL,0813,Jah.Sidd. Co.,14.76,14.9,14.75,14.9,86545,14.76
02OCT2024,JSGBETF,0837,JS Global Banking,17.17,17.17,17.17,17.17,6500,17.2
02OCT2024,JSGBETF-DEC,40,JS Global Banking,0.0,0,0,18.05,0,18.09
02OCT2024,JSGBETF-NOV,40,JS Global Banking,0.0,0,0,17.76,0,17.8
02OCT2024,JSGBETF-OCTB,40,JS Global Banking,0.0,0,0,17.4,0,17.44
02OCT2024,JSGCL,0813,JS Global Cap.,138.2,138.2,124,124.54,2225,128.01
02OCT2024,JSIL,0813,JS Investments,20.75,20.75,20,20.26,8472,19.01
02OCT2024,JSMFETF,0837,JS Momentum,10.5,10.55,10.42,10.44,60000,10.42
02OCT2024,JSMFETF-DEC,40,JS Momentum,0.0,0,0,10.97,0,10.96
02OCT2024,JSMFETF-NOV,40,JS Momentum,0.0,0,0,10.8,0,10.78
02OCT2024,JSMFETF-OCTC,40,JS Momentum,0.0,0,0,10.58,0,10.57
02OCT2024,JSML,0826,Jauharabad Sug,22.84,22.85,21.9,22.74,1182,21.84
02OCT2024,JUBS,0829,Jubilee Spinning,16.5,16.5,15.85,16,105,16
02OCT2024,JVDC,0838,Javedan Corp.,44.0,44,42.05,42.99,16877,42.05
02OCT2024,KAPCO,0824,Kot Addu Power,28.95,29.05,28.55,28.74,3339090,29.18
02OCT2024,KAPCO-DEC,40,Kot Addu Power,0.0,0,0,26.18,0,26.59
02OCT2024,KAPCO-NOVB,40,Kot Addu Power,0.0,0,0,25.77,0,26.17
02OCT2024,KAPCO-OCTB,40,Kot Addu Power,25.85,25.85,25,25.06,2223500,26
02OCT2024,KEL,0824,K-Electric Ltd.,3.87,3.9,3.8,3.82,2250682,3.87
02OCT2024,KEL-DEC,40,K-Electric Ltd.,0.0,0,0,4.01,0,4.07
02OCT2024,KEL-NOV,40,K-Electric Ltd.,0.0,0,0,3.95,0,4.01
02OCT2024,KEL-OCT,40,K-Electric Ltd.,3.87,3.9,3.83,3.85,10000,3.9
02OCT2024,KHTC,0832,Khyber Tobacco,309.89,309.89,300.2,308.68,126,304
02OCT2024,KML,0829,Kohinoor Mills,28.0,30.9,28,30.95,101,30.95
02OCT2024,KOHC,0804,Kohat Cement,300.0,305,300,301.42,15077,301.99
02OCT2024,KOHE,0824,Kohinoor Energy-XD,28.97,28.99,28.31,28.57,232983,28.3
02OCT2024,KOHP,0824,Kohinoor Power,7.7,8.29,7.65,8.04,1154432,7.68
02OCT2024,KOHTM,0830,Kohat Textile,19.6,19.6,18.11,18.13,600,19.01
02OCT2024,KOIL,0829,Kohinoor Ind.,8.39,8.39,8.39,8.39,20,8.39
02OCT2024,KOSM,0830,Kohinoor Spining,8.53,8.7,8.21,8.35,10790596,8.63
02OCT2024,KOSM-DEC,40,Kohinoor Spining,0.0,0,0,8.78,0,9.08
02OCT2024,KOSM-NOV,40,Kohinoor Spining,0.0,0,0,8.64,0,8.93
02OCT2024,KOSM-OCT,40,Kohinoor Spining,8.53,8.8,8.3,8.44,7821500,8.72
02OCT2024,KSBP,0808,K.S.B.Pumps,127.0,128,124,125.39,37257,127.12
02OCT2024,KSE30-DEC,41,KSE30,0.0,0,0,27159,0,27105
02OCT2024,KSE30-NOV,41,KSE30,0.0,0,0,26806,0,26753
02OCT2024,KSE30-OCT,41,KSE30,0.0,0,0,26365,0,26313
02OCT2024,KSTM,0830,Khalid Siraj,7.2,8.25,7.09,7.63,35476,7.99
02OCT2024,KTML,0829,Kohinoor Textile,76.0,76,75.89,76,2525,74.49
02OCT2024,LCI,0805,Lucky Core Ind.XD,1015.05,1035,1015,1021.9,4421,1050.76
02OCT2024,LEUL,0816,Leather Up Ltd.,12.01,12.01,12.01,11.8,9,11.8
02OCT2024,LMSM,0830,Land Mark Spinning,26.75,30.8,25.61,26.3,104751,28
02OCT2024,LOADS,0802,Loads Limited,10.58,10.58,10.28,10.4,422678,10.49
02OCT2024,LOTCHEM,0805,Lotte Chemical,16.02,16.37,16,16.3,1094438,16.22
02OCT2024,LOTCHEM-DEC,40,Lotte Chemical,0.0,0,0,17.13,0,17.06
02OCT2024,LOTCHEM-NOV,40,Lotte Chemical,0.0,0,0,16.86,0,16.79
02OCT2024,LOTCHEM-OCT,40,Lotte Chemical,16.2,16.3,16.2,16.3,72500,16.22
02OCT2024,LPGL,0805,Leiner Pak Gelat,184.0,196.57,171,196.45,53820,178.7
02OCT2024,LPL,0824,Lalpir Power,19.91,20.47,19.33,19.57,918756,19.91
02OCT2024,LPL-DEC,40,Lalpir Power,0.0,0,0,20.57,0,20.94
02OCT2024,LPL-NOV,40,Lalpir Power,0.0,0,0,20.24,0,20.61
02OCT2024,LPL-OCTB,40,Lalpir Power,20.49,20.5,19.65,19.82,211500,20.13
02OCT2024,LSECL,0813,LSE Capital Limited.,3.32,3.32,3.1,3.2,200231,3.18
02OCT2024,LSEFSL,0813,LSE Fin. Ser. Ld,4.49,4.49,4.03,4.03,92097,4.35
02OCT2024,LSEVL,0813,LSE Ventures Ltd,7.94,7.94,7.75,7.75,48680,7.76
02OCT2024,LUCK,0804,Lucky CementXD,898.93,898.93,871.11,895.11,320925,889.42
02OCT2024,LUCK-DEC,40,Lucky CementXD,0.0,0,0,940.75,0,935.3
02OCT2024,LUCK-NOVB,40,Lucky CementXD,0.0,0,0,925.89,0,920.53
02OCT2024,LUCK-OCTB,40,Lucky CementXD,900.0,900,900,900,1000,900
02OCT2024,MACFL,0822,MACPAC Films,17.7,18.2,17.7,17.8,129426,17.56
02OCT2024,MACTER,0823,Macter Int. Ltd,125.0,129,125,125.01,783,126
02OCT2024,MARI,0820,Mari Petroleum,445.01,457.49,433,437.52,2005270,448.1
02OCT2024,MCB,0807,MCB Bank Ltd,240.5,243.99,238.01,243.02,159320,240.01
02OCT2024,MCB-DEC,40,MCB Bank Ltd,0.0,0,0,255.41,0,252.39
02OCT2024,MCBIM,0813,MCB Inv MGT,36.49,36.9,36.02,36.79,5110,36
02OCT2024,MCB-NOV,40,MCB Bank Ltd,0.0,0,0,251.38,0,248.41
02OCT2024,MCB-OCTB,40,MCB Bank Ltd,0.0,0,0,246.33,0,243.43
02OCT2024,MDTL,0828,Media Times Ltd,2.41,2.41,2.2,2.24,1265893,2.33
02OCT2024,MEBL,0807,Meezan Bank Ltd,227.39,229.99,226,228.92,245754,226.92
02OCT2024,MEBL-DEC,40,Meezan Bank Ltd,0.0,0,0,240.59,0,238.62
02OCT2024,MEBL-NOV,40,Meezan Bank Ltd,0.0,0,0,236.79,0,234.86
02OCT2024,MEBL-OCTB,40,Meezan Bank Ltd,231.14,231.14,231.14,231.14,500,229
02OCT2024,MEHT,0829,Mehmood Tex.,545.0,579,535,554.07,4,554.07
02OCT2024,MERIT,0822,Merit Packaging,10.4,10.48,10.25,10.28,37520,10.36
02OCT2024,MFFL,0810,MithchellsFruit,143.0,144.01,136.25,137.61,162941,142.56
02OCT2024,MFL,0810,Matco Foods Ltd,23.99,23.99,23.3,23.37,87211,23.62
02OCT2024,MIIETF,0837,Mahaana Islamic,9.77,10.84,9.77,10.76,22500,10.71
02OCT2024,MIRKS,0826,Mirpurkhas Sugar,28.8,29,27.85,28,27184,28.4
02OCT2024,MLCF,0804,Maple Leaf,33.0,33.65,33,33.25,3402703,33.69
02OCT2024,MLCF-DEC,40,Maple Leaf,0.0,0,0,34.95,0,35.43
02OCT2024,MLCF-NOV,40,Maple Leaf,0.0,0,0,34.39,0,34.87
02OCT2024,MLCF-OCT,40,Maple Leaf,33.1,34.25,33,33.57,741500,34.11
02OCT2024,MQTM,0830,Maqbool Textile,28.0,28,28,30.1,1,30.1
02OCT2024,MRNS,0826,Mehran Sugar,43.0,43.01,42.7,42.87,3495,42.31
02OCT2024,MSCL,0808,Metro Steel,12.22,13,12,12.62,1636,12.66
02OCT2024,MTL,0801,Millat Tractors,549.99,557,549.5,550.19,158236,551.51
02OCT2024,MTL-DEC,40,Millat Tractors,0.0,0,0,578.24,0,579.96
02OCT2024,MTL-NOV,40,Millat Tractors,0.0,0,0,569.11,0,570.8
02OCT2024,MTL-OCT,40,Millat Tractors,0.0,0,0,557.69,0,559.36
02OCT2024,MUGHAL,0808,Mughal Iron,79.01,84.49,79.01,80.29,1472258,80.86
02OCT2024,MUGHAL-DEC,40,Mughal Iron,0.0,0,0,84.38,0,85.03
02OCT2024,MUGHAL-NOV,40,Mughal Iron,0.0,0,0,83.05,0,83.69
02OCT2024,MUGHAL-OCT,40,Mughal Iron,83.5,84.5,80.01,80.65,85000,82.22
02OCT2024,MUREB,0810,Murree Brewery,501.5,515,501.5,513.29,9711,501.71
02OCT2024,MWMP,0818,Mandviwala,16.46,17.56,16.46,17.56,191322,15.96
02OCT2024,MZNPETF,0837,Meezan Pakistan,13.24,13.4,13.22,13.29,77000,13.21
02OCT2024,MZNPETF-DEC,40,Meezan Pakistan,0.0,0,0,13.97,0,13.89
02OCT2024,MZNPETF-NOV,40,Meezan Pakistan,0.0,0,0,13.75,0,13.67
02OCT2024,MZNPETF-OCT,40,Meezan Pakistan,0.0,0,0,13.47,0,13.4
02OCT2024,NATF,0810,National Foods,170.01,172.95,169.96,171.38,13907,169.96
02OCT2024,NATF-OCT,40,National Foods,0.0,0,0,173.72,0,172.38
02OCT2024,NBP,0807,National BankXD,58.4,59.89,58.4,58.94,1396940,58.96
02OCT2024,NBP-DEC,40,National BankXD,0.0,0,0,61.95,0,62
02OCT2024,NBPGETF,0837,NBP Pakistan G ETF,16.43,16.43,16.43,16.43,1000,16.4
02OCT2024,NBPGETF-DEC,40,NBP Pakistan G ETF,0.0,0,0,17.27,0,17.25
02OCT2024,NBPGETF-NOV,40,NBP Pakistan G ETF,0.0,0,0,16.99,0,16.97
02OCT2024,NBPGETF-OCT,40,NBP Pakistan G ETF,0.0,0,0,16.65,0,16.63
02OCT2024,NBP-NOV,40,National BankXD,0.0,0,0,60.97,0,61.02
02OCT2024,NBP-OCT,40,National BankXD,59.5,60.49,59,59.57,1076000,59.7
02OCT2024,NCL,0829,Nishat (Chun.),23.76,26.15,23.76,25.7,2293688,23.89
02OCT2024,NCL-OCT,40,Nishat (Chun.),24.16,26.3,24.16,25.77,357500,24.18
02OCT2024,NCML,0830,Nazir Cotton Mills,14.0,14.3,13.01,14.11,53416,13.9
02OCT2024,NCPL,0824,Nishat ChunPow,28.24,28.5,27.61,28.44,2244343,28.29
02OCT2024,NCPL-DEC,40,Nishat ChunPow,0.0,0,0,29.89,0,29.75
02OCT2024,NCPL-NOV,40,Nishat ChunPow,0.0,0,0,29.42,0,29.28
02OCT2024,NCPL-OCT,40,Nishat ChunPow,28.4,29,28,28.69,136000,28.56
02OCT2024,NESTLE,0810,Nestle Pakistan,6705.05,6845,6705.05,6802.27,238,6811.25
02OCT2024,NETSOL,0828,Netsol Tech.,124.89,126.25,123.5,123.99,538194,125.65
02OCT2024,NETSOL-DEC,40,Netsol Tech.,0.0,0,0,127.18,0,128.96
02OCT2024,NETSOL-NOVB,40,Netsol Tech.,0.0,0,0,125.17,0,126.92
02OCT2024,NETSOL-OCTB,40,Netsol Tech.,124.57,125.29,122.65,122.84,272500,124.85
02OCT2024,NEXT,0813,Next Capital,4.9,4.99,4.85,4.9,2704,5
02OCT2024,NICL,0805,Nimir Ind.Chem.,108.0,110.05,108,110,7619,108
02OCT2024,NITGETF-DEC,40,NIT Pakistan,0.0,0,0,19.39,0,19.4
02OCT2024,NITGETF-NOV,40,NIT Pakistan,0.0,0,0,19.08,0,19.1
02OCT2024,NITGETF-OCT,40,NIT Pakistan,0.0,0,0,18.7,0,18.71
02OCT2024,NML,0829,Nishat Mills Ltd,62.59,63.9,62,62.95,3679626,62.47
02OCT2024,NML-DEC,40,Nishat Mills Ltd,0.0,0,0,66.16,0,65.69
02OCT2024,NML-NOV,40,Nishat Mills Ltd,0.0,0,0,65.11,0,64.66
02OCT2024,NML-OCT,40,Nishat Mills Ltd,63.0,64.19,63,63.3,240500,62.93
02OCT2024,NONS,0826,Noon Sugar,69.0,69,67,67.25,644,68.11
02OCT2024,NPL,0824,Nishat Power,37.1,37.5,36.53,36.76,816979,37.06
02OCT2024,NPL-DEC,40,Nishat Power,0.0,0,0,33.3,0,33.59
02OCT2024,NPL-NOVB,40,Nishat Power,0.0,0,0,32.77,0,33.06
02OCT2024,NPL-OCTB,40,Nishat Power,33.0,33,32.51,32.51,20000,32.7
02OCT2024,NRL,0825,National Refinery,205.0,209.2,202.5,203.9,278194,208.51
02OCT2024,NRL-DEC,40,National Refinery,0.0,0,0,214.3,0,219.27
02OCT2024,NRL-NOV,40,National Refinery,0.0,0,0,210.91,0,215.8
02OCT2024,NRL-OCT,40,National Refinery,210.01,211.2,205.5,206.88,139500,210.71
02OCT2024,NRSL,0805,Nimir Resins,21.5,22,21.26,21.73,17700,21.81
02OCT2024,OBOY,0821,Oilboy Energy L,6.25,6.25,6.2,6.21,3000,6.25
02OCT2024,OCTOPUS,0828,Octopus Digital,99.85,99.97,98,98.79,402541,99.74
02OCT2024,OCTOPUS-DEC,40,Octopus Digital,0.0,0,0,103.83,0,104.88
02OCT2024,OCTOPUS-NOV,40,Octopus Digital,0.0,0,0,102.19,0,103.23
02OCT2024,OCTOPUS-OCT,40,Octopus Digital,100.02,101.25,99.31,99.92,434000,100.9
02OCT2024,OGDC,0820,Oil & Gas Dev.,145.2,148.45,144.71,147.76,5426787,146.05
02OCT2024,OGDC-DEC,40,Oil & Gas Dev.,0.0,0,0,150.97,0,149.31
02OCT2024,OGDC-NOVB,40,Oil & Gas Dev.,0.0,0,0,148.59,0,146.96
02OCT2024,OGDC-OCTB,40,Oil & Gas Dev.,143.55,146.48,143.2,146.05,1642000,144.58
02OCT2024,OGTI-DEC,41,OGTI,0.0,0,0,21075,0,21108
02OCT2024,OGTI-NOV,41,OGTI,0.0,0,0,20801,0,20834
02OCT2024,OGTI-OCT,41,OGTI,0.0,0,0,20459,0,20491
02OCT2024,OLPL,0813,OLP Financial,30.87,30.87,29.61,30.45,67552,30.1
02OCT2024,OLPM,0819,OLP Modaraba,15.48,15.48,15.04,15.16,2842,15.08
02OCT2024,OML,0818,Olympia Mills,24.8,24.87,24,22.61,280,22.61
02OCT2024,ORM,0819,Orient Rental,7.94,8.05,7.94,7.94,11477,7.94
02OCT2024,OTSU,0823,Otsuka Pak,137.0,137,133.05,134.71,4665,136.83
02OCT2024,P01GIS090525,36,1 Year GIS,91.77,91.77,91.77,91.77,5000,91.72
02OCT2024,P01GIS091224,36,1 Year IJARA Sukuk,97.2,97.2,97.2,97.2,5000,97.16
02OCT2024,P01GIS140325,36,1 Year GIS,93.51,93.51,93.51,93.51,5000,93.46
02OCT2024,P01GIS150825,36,1 Year GIS,88.81,89.65,88.81,89.65,45005000,88.76
02OCT2024,P01GIS170925,36,1 Year GIS,88.02,88.02,88.02,88.02,5000,87.97
02OCT2024,P01GIS250425,36,1 Year GIS,92.19,92.19,92.19,92.19,5000,92.14
02OCT2024,P01GIS250725,36,1 Year GIS,89.52,89.52,89.52,89.52,5000,89.47
02OCT2024,P05GIS091225,36,P05GIS091225,0.0,0,0,0,0,100
02OCT2024,P05GIS290725,36,P05GIS290725,0.0,0,0,0,0,100
02OCT2024,P05GIS300425,36,P05GIS300425,0.0,0,0,0,0,100
02OCT2024,PABC,0818,Pakistan Alumin,75.6,77.5,75.6,76.9,79597,76.01
02OCT2024,PABC-DEC,40,Pakistan Alumin,0.0,0,0,80.82,0,79.93
02OCT2024,PABC-NOV,40,Pakistan Alumin,0.0,0,0,79.54,0,78.67
02OCT2024,PABC-OCT,40,Pakistan Alumin,0.0,0,0,77.95,0,77.09
02OCT2024,PACE,0838,Pace (Pak) Ltd.,5.55,5.74,5.35,5.42,5417158,5.52
02OCT2024,PACE-DEC,40,Pace (Pak) Ltd.,0.0,0,0,5.7,0,5.8
02OCT2024,PACE-NOV,40,Pace (Pak) Ltd.,0.0,0,0,5.61,0,5.71
02OCT2024,PACE-OCT,40,Pace (Pak) Ltd.,5.71,5.8,5.42,5.5,2330000,5.58
02OCT2024,PAEL,0803,Pak Elektron,25.4,25.5,23.93,24.42,13466673,25.5
02OCT2024,PAEL-DEC,40,Pak Elektron,0.0,0,0,25.67,0,26.82
02OCT2024,PAEL-NOV,40,Pak Elektron,0.0,0,0,25.26,0,26.39
02OCT2024,PAEL-OCT,40,Pak Elektron,25.61,25.89,24.21,24.65,3352000,25.79
02OCT2024,PAKD,0828,Pak Datacom,69.25,69.25,66.5,66.85,15474,66.02
02OCT2024,PAKL,0816,Pak Leather,27.99,30.79,25.21,30.79,30759,27.99
02OCT2024,PAKOXY,0805,Pak Oxygen Ltd.,135.86,135.86,131.5,132.99,8111,132.47
02OCT2024,PAKRI,0812,Pak Reinsurance,9.5,9.6,9.44,9.48,807246,9.58
02OCT2024,PAKRI-DEC,40,Pak Reinsurance,0.0,0,0,9.96,0,10.07
02OCT2024,PAKRI-NOV,40,Pak Reinsurance,0.0,0,0,9.81,0,9.92
02OCT2024,PAKRI-OCT,40,Pak Reinsurance,9.7,9.7,9.7,9.7,500,9.55
02OCT2024,PAKT,0832,Pak TobaccoXD,899.99,914.9,899.99,910.08,6342,890.05
02OCT2024,PASL,0813,Pervez Ahmed Co,1.59,1.77,1.51,1.62,3769081,1.52
02OCT2024,PASM,0829,Paramount Sp,6.38,6.38,5.34,5.35,599,5.5
02OCT2024,PCAL,0803,Pakistan Cables-XB,131.0,131,125,126.2,2540,129
02OCT2024,PECO,0808,Pak Engineering,775.0,830,715.25,780,523,755
02OCT2024,PGLC,0815,Pak Gulf Leasing,8.07,8.07,8.05,8.06,601,8.09
02OCT2024,PHDL,0818,Pak Hotels,53.95,57.45,53.44,53.95,317270,53.44
02OCT2024,PIAHCLA,0813,PIA Holding Company,18.11,18.45,16.96,17.09,9673512,18.46
02OCT2024,PIAHCLA-DEC,40,PIA Holding Company,0.0,0,0,17.96,0,19.41
02OCT2024,PIAHCLA-NOV,40,PIA Holding Company,0.0,0,0,17.68,0,19.11
02OCT2024,PIAHCLA-OCT,40,PIA Holding Company,18.5,18.65,17.1,17.27,7075000,18.67
02OCT2024,PIBTL,0833,Pak Int.Bulk,5.7,5.84,5.63,5.7,2390099,5.72
02OCT2024,PIBTL-DEC,40,Pak Int.Bulk,0.0,0,0,5.99,0,6.02
02OCT2024,PIBTL-NOV,40,Pak Int.Bulk,0.0,0,0,5.9,0,5.92
02OCT2024,PIBTL-OCT,40,Pak Int.Bulk,5.89,5.9,5.77,5.81,184500,5.86
02OCT2024,PICT,0833,Pak.Int.Cont.,36.12,36.7,34.9,36.06,49636,36.11
02OCT2024,PIL,0812,PICIC Ins.Ltd.,2.0,2,1.79,1.83,33999,1.91
02OCT2024,PIM,0819,Popular Islamic,14.78,14.82,12.72,12.74,1960,13.49
02OCT2024,PINL,0812,Premier Ins.,6.4,6.7,6.2,6.22,45620,6.9
02OCT2024,PIOC,0804,Pioneer Cement,187.0,187.5,184.25,184.57,136191,187.15
02OCT2024,PIOC-DEC,40,Pioneer Cement,0.0,0,0,183.47,0,186.14
02OCT2024,PIOC-NOVB,40,Pioneer Cement,0.0,0,0,180.57,0,183.2
02OCT2024,PIOC-OCTB,40,Pioneer Cement,180.0,180,178.15,178.37,17500,181.01
02OCT2024,PKGI,0812,Pak Gen.Ins.,8.0,8,7.5,8,80125,7
02OCT2024,PKGP,0824,Pakgen Power,81.0,89.11,81,89.11,563017,81.01
02OCT2024,PKGS,0822,Packages Ltd.,490.0,491,481.11,489.91,4416,500.85
02OCT2024,PKGS-OCT,40,Packages Ltd.,0.0,0,0,496.59,0,507.98
02OCT2024,PMI,0819,Prud Mod.1st,2.97,2.98,2.9,2.92,6704,2.92
02OCT2024,PMPK,0832,Philip Morris Pak.,457.77,457.77,434,439.99,73,439.99
02OCT2024,PNSC,0833,P.N.S.C,365.82,366.89,350,364.98,17164,365.82
02OCT2024,POL,0820,Pak Oilfields,617.37,625,617.37,623.92,319044,617.37
02OCT2024,POL-DEC,40,Pak Oilfields,0.0,0,0,582.1,0,576.32
02OCT2024,POL-NOVB,40,Pak Oilfields,0.0,0,0,572.91,0,567.22
02OCT2024,POL-OCTB,40,Pak Oilfields,0.0,0,0,561.41,0,555.85
02OCT2024,POML,0834,Punjab Oil,104.0,104,102,102,1143,102
02OCT2024,POWER,0804,Power Cement,5.35,5.55,5.31,5.41,2143850,5.46
02OCT2024,POWER-DEC,40,Power Cement,0.0,0,0,5.69,0,5.74
02OCT2024,POWER-NOV,40,Power Cement,0.0,0,0,5.6,0,5.65
02OCT2024,POWER-OCT,40,Power Cement,5.44,5.57,5.37,5.47,250000,5.51
02OCT2024,POWERPS,0804,Power Cem(Pref),10.87,10.87,10.87,10.8,100,10.8
02OCT2024,PPL,0820,Pak Petroleum,108.49,109.75,107.5,108.89,2279840,108.59
02OCT2024,PPL-DEC,40,Pak Petroleum,0.0,0,0,111.78,0,111.54
02OCT2024,PPL-NOVB,40,Pak Petroleum,0.0,0,0,110.02,0,109.78
02OCT2024,PPL-OCTB,40,Pak Petroleum,107.0,108.9,107,108.24,463500,107.85
02OCT2024,PPP,0822,Pak Paper Prod,86.0,86,84.37,84.58,2049,85.98
02OCT2024,PPVC,0805,Pak.P.V.C.,9.8,9.8,9,9.01,4610,9.01
02OCT2024,PREMA,0810,At-Tahur Ltd.,15.11,16.25,15.11,15.86,323679,15.26
02OCT2024,PRET,0830,Premium Tex.,274.94,275,268.74,275,659,250
02OCT2024,PRL,0825,Pak Refinery,23.75,24.13,23.61,23.72,2256569,23.87
02OCT2024,PRL-DEC,40,Pak Refinery,0.0,0,0,22.83,0,22.98
02OCT2024,PRL-NOVB,40,Pak Refinery,0.0,0,0,22.47,0,22.61
02OCT2024,PRL-OCTB,40,Pak Refinery,22.5,22.69,22.16,22.29,354000,22.53
02OCT2024,PRWM,0831,Prosperity Weav,30.0,31.89,29.5,29.55,3442,29
02OCT2024,PSEL,0818,Pak Services,735.0,737.5,685,724.71,54,722.99
02OCT2024,PSO,0821,P.S.O.,161.0,166,161,165.09,1188133,163.08
02OCT2024,PSO-DEC,40,P.S.O.,0.0,0,0,162.75,0,160.85
02OCT2024,PSO-NOVB,40,P.S.O.,0.0,0,0,160.17,0,158.31
02OCT2024,PSO-OCTB,40,P.S.O.,156.01,158.5,155.2,157.72,173500,156.38
02OCT2024,PSX,0813,Pak Stock Exchange,14.25,14.79,14.01,14.25,1559386,14.37
02OCT2024,PSYL,0827,Pak Synthetics,24.03,26.65,24.03,26.61,3858,25.01
02OCT2024,PTC,0828,P.T.C.L.,11.9,12.4,11.8,11.88,6088688,11.84
02OCT2024,PTC-DEC,40,P.T.C.L.,0.0,0,0,12.49,0,12.45
02OCT2024,PTC-NOV,40,P.T.C.L.,0.0,0,0,12.29,0,12.25
02OCT2024,PTC-OCT,40,P.T.C.L.,12.0,12.5,11.92,12.01,2058000,11.99
02OCT2024,PTL,0802,Panther Tyres Ltd.,40.18,40.4,39.5,39.62,93528,39.72
02OCT2024,QUET,0829,Quetta Textile,12.0,12,12,12,218866,10.91
02OCT2024,QUICE,0810,Quice Food,5.52,5.59,5,5.05,856876,5.5
02OCT2024,REDCO,0829,Redco Textile,7.7,7.7,7.4,7.5,1464,7.75
02OCT2024,REWM,0829,Reliance Weaving,72.7,75.9,62.1,75.9,71591,69
02OCT2024,RICL,0812,Reliance Ins.,10.51,10.51,10.51,10.51,1500,10.85
02OCT2024,RMPL,0810,Rafhan Maize,7213.0,7213,6989.99,6999,106,6811.43
02OCT2024,RPL,0822,Roshan Packages,16.15,16.15,15.37,15.51,430639,16.09
02OCT2024,RUBY,0830,Ruby Textile,8.34,8.34,8.11,8.25,1359,8.02
02OCT2024,RUPL,0827,Rupali Polyester,16.94,17.45,16.9,16.91,10093,17.1
02OCT2024,SAIF,0830,Saif Textile,11.4,11.4,10.05,10.16,20513,11.04
02OCT2024,SANE,0830,Salman Noman,7.0,7.94,6.7,7.52,63838,7.19
02OCT2024,SAPT,0829,Sapphire Tex.,1225.0,1225,1225,1217.39,3,1217.39
02OCT2024,SASML,0826,Sindh Abadgar,33.65,33.65,33.64,37.38,111,37.38
02OCT2024,SAZEW,0801,Sazgar Eng,976.0,990,966,968.66,225414,988.84
02OCT2024,SAZEW-DEC,40,Sazgar Eng,0.0,0,0,1005.77,0,1027.31
02OCT2024,SAZEW-NOVB,40,Sazgar Eng,0.0,0,0,989.89,0,1011.09
02OCT2024,SAZEW-OCTB,40,Sazgar Eng,982.0,990,968.5,971.74,170500,992.79
02OCT2024,SBL,0807,Samba Bank,11.86,13.45,11.86,13.33,111831,12.76
02OCT2024,SCBPL,0807,St.Chart.Bank,55.5,57,55.4,55.91,1833,55.83
02OCT2024,SCL,0810,Shield Corp.,221.0,222,210.39,208.46,26,208.46
02OCT2024,SEARL,0823,The Searle Company,58.25,58.35,57.2,57.43,887779,57.67
02OCT2024,SEARL-DEC,40,The Searle Company,0.0,0,0,60.36,0,60.64
02OCT2024,SEARL-NOV,40,The Searle Company,0.0,0,0,59.4,0,59.69
02OCT2024,SEARL-OCT,40,The Searle Company,58.85,58.98,57.75,57.99,106000,58.34
02OCT2024,SEL,0824,Sitara Energy,13.47,13.47,12.51,13,11322,13.09
02OCT2024,SEPL,0822,Security PaperXD,145.0,146,132,141.54,30220,145.1
02OCT2024,SERT,0830,Service Ind Tex,11.21,11.21,11.15,10.2,160,10.2
02OCT2024,SGF,0816,Service Global,70.1,76,70.1,74.67,118793,72.22
02OCT2024,SGPL,0824,S.G.Power,9.25,10.02,9.25,9.56,35868,9.02
02OCT2024,SHDT,0830,Shadab Textile,17.38,17.38,15.7,16.98,24362,16.51
02OCT2024,SHEL,0821,Shell Pakistan,147.97,148,144,145.16,90120,147.71
02OCT2024,SHEL-DEC,40,Shell Pakistan,0.0,0,0,152.56,0,155.33
02OCT2024,SHEL-NOV,40,Shell Pakistan,0.0,0,0,150.15,0,152.88
02OCT2024,SHEL-OCTB,40,Shell Pakistan,148.71,148.81,146.43,147.46,27000,149
02OCT2024,SHEZ,0810,Shezan Inter.,85.0,85,83,84.2,13073,85
02OCT2024,SHFA,0818,Shifa Int.Hosp,178.02,188,178.02,184.1,83083,178.51
02OCT2024,SHJS,0826,Shahtaj Sugar,95.0,95,95,86.99,25,86.99
02OCT2024,SHNI,0812,Shaheen Ins.,4.49,4.5,4.3,4.4,1010,4.5
02OCT2024,SHSML,0826,Shahmurad Sugar,368.0,368,360,363.26,579,364.51
02OCT2024,SIBL,0813,Sec. Inv. Bank,5.26,5.26,5.03,5.26,5001,5.1
02OCT2024,SIEM,0803,Siemens Pak.,464.0,465,457.01,457.01,315,456.47
02OCT2024,SILK,0807,Silk Bank Ltd,0.95,0.95,0.91,0.92,2003623,0.91
02OCT2024,SILK-DEC,40,Silk Bank Ltd,0.0,0,0,0.97,0,0.96
02OCT2024,SILK-NOV,40,Silk Bank Ltd,0.0,0,0,0.95,0,0.94
02OCT2024,SINDM,0819,Sindh Modaraba,10.88,10.97,10.4,10.4,662,10.52
02OCT2024,SITC,0805,Sitara Chemical,291.0,291,275.01,270.08,79,270.08
02OCT2024,SKRS,0826,Sakrand Sugar,8.64,8.89,8.1,8.73,31243,8.6
02OCT2024,SLGL,0833,Secure Logistics Gro,17.8,17.92,16.41,17.04,8696145,17.64
02OCT2024,SLL,0815,SME Leasing Ltd,2.07,2.14,2.01,2.02,2106,2.08
02OCT2024,SLYT,0830,Sally Textile,30.7,33.9,30.7,33.64,13270,33.28
02OCT2024,SMCPL,0804,Safe Mix Con.Lt,17.9,17.98,17.55,17.74,46149,17.77
02OCT2024,SML,0826,Shakarganj Limited,33.45,33.56,29.56,33.56,18202,30.51
02OCT2024,SNAI,0830,Sana Ind.,22.5,23.99,22.5,22.57,2666,22.44
02OCT2024,SNBL,0807,Soneri Bank Ltd,14.0,14,13.81,13.87,195263,13.89
02OCT2024,SNBL-DEC,40,Soneri Bank Ltd,0.0,0,0,14.58,0,14.61
02OCT2024,SNBL-NOV,40,Soneri Bank Ltd,0.0,0,0,14.35,0,14.38
02OCT2024,SNBL-OCTB,40,Soneri Bank Ltd,15.5,15.5,15.5,15.5,10000,14.46
02OCT2024,SNGP,0821,Sui North Gas,64.12,66.49,63.5,64.65,1246112,64.18
02OCT2024,SNGP-DEC,40,Sui North Gas,0.0,0,0,67.95,0,67.49
02OCT2024,SNGP-NOV,40,Sui North Gas,0.0,0,0,66.87,0,66.42
02OCT2024,SNGP-OCTB,40,Sui North Gas,64.5,66.8,64.2,65.54,204000,64.8
02OCT2024,SPEL,0822,Synthetic Prod,38.9,39.55,37.36,37.69,804143,38.41
02OCT2024,SPL,0805,Sitara Peroxide,13.69,13.7,13.21,13.5,55390,13.51
02OCT2024,SPWL,0824,Saif Power Ltd,17.59,18.11,17.59,18,144820,17.97
02OCT2024,SRVI,0816,Service Ind.Ltd,1235.0,1300,1235,1255.02,31470,1231.4
02OCT2024,SSGC,0821,Sui South Gas,8.6,8.69,8.47,8.5,570231,8.62
02OCT2024,SSGC-DEC,40,Sui South Gas,0.0,0,0,8.93,0,9.06
02OCT2024,SSGC-NOV,40,Sui South Gas,0.0,0,0,8.79,0,8.92
02OCT2024,SSGC-OCT,40,Sui South Gas,8.7,8.7,8.5,8.57,52500,8.74
02OCT2024,SSML,0830,Saritow Spinning,7.13,7.13,6.3,6.3,4767,6.24
02OCT2024,SSOM,0834,S.S.Oil,65.71,68.9,65,65.62,2875,69.2
02OCT2024,STCL,0811,Shabbir Tiles,14.0,14.25,13.75,14,174519,14
02OCT2024,STJT,0831,Shahtaj Textile,77.35,77.35,77.35,70.35,25,70.35
02OCT2024,STML,0829,Shams Textile,28.84,28.84,28.84,26.45,14,26.45
02OCT2024,STPL,0818,Siddiqsons Tin,5.0,5.15,5,5,455677,4.97
02OCT2024,STYLERS,0829,Stylers Int.Ltd.,39.93,39.93,37.5,38.46,43752,39.02
02OCT2024,SURC,0829,Suraj Cotton,133.0,133,133,126.99,30,126.99
02OCT2024,SUTM,0830,Sunrays Textile,89.95,89.99,84,85.56,525,85.19
02OCT2024,SYM,0828,Symmetry Group Ltd,9.7,9.89,9.5,9.57,2218472,9.69
02OCT2024,SYM-DEC,40,Symmetry Group Ltd,0.0,0,0,9.95,0,10.08
02OCT2024,SYM-NOVB,40,Symmetry Group Ltd,0.0,0,0,9.8,0,9.93
02OCT2024,SYM-OCTB,40,Symmetry Group Ltd,9.7,9.95,9.51,9.62,872500,9.76
02OCT2024,SYS,0828,Systems Limited,407.99,407.99,403,406.48,100268,405.48
02OCT2024,SYS-DEC,40,Systems Limited,0.0,0,0,427.21,0,426.39
02OCT2024,SYS-NOV,40,Systems Limited,0.0,0,0,420.46,0,419.66
02OCT2024,SYS-OCT,40,Systems Limited,0.0,0,0,412.02,0,411.25
02OCT2024,TATM,0830,Tata Textile,52.5,53.49,50,52.58,3211,49.63
02OCT2024,TBL,0802,Treet Battery Ltd.,14.47,14.49,14,14.09,613672,14.54
02OCT2024,TCORP,0826,Tariq Corp Ltd.,14.2,14.98,13.56,13.62,73088,15.07
02OCT2024,TELE,0828,Telecard Limited,7.1,7.16,7,7.04,1492618,7.11
02OCT2024,TELE-DEC,40,Telecard Limited,0.0,0,0,7.4,0,7.48
02OCT2024,TELE-NOV,40,Telecard Limited,0.0,0,0,7.28,0,7.36
02OCT2024,TELE-OCT,40,Telecard Limited,7.18,7.3,7.11,7.13,393000,7.2
02OCT2024,TGL,0811,Tariq Glass Ind.,110.55,111,109.52,110.03,189965,111.19
02OCT2024,TGL-DEC,40,Tariq Glass Ind.,0.0,0,0,115.64,0,116.93
02OCT2024,TGL-NOV,40,Tariq Glass Ind.,0.0,0,0,113.81,0,115.08
02OCT2024,TGL-OCT,40,Tariq Glass Ind.,111.19,111.19,111.19,111.19,500,112.33
02OCT2024,THALL,0802,Thal Limited,419.92,419.92,410,416.48,3353,413.55
02OCT2024,THCCL,0804,Thatta Cement,88.99,93.49,83.02,85.23,2114144,89.73
02OCT2024,TOMCL,0810,The Organic Meat,37.8,37.8,33.84,34.36,8438707,37.6
02OCT2024,TOMCL-DEC,40,The Organic Meat,0.0,0,0,36.11,0,39.54
02OCT2024,TOMCL-NOV,40,The Organic Meat,0.0,0,0,35.54,0,38.92
02OCT2024,TOMCL-OCT,40,The Organic Meat,38.01,38.01,34.19,34.76,4742000,37.99
02OCT2024,TOWL,0829,Towellers Limited,129.0,130,127,129.12,8597,127.45
02OCT2024,TPL,0828,TPL Corp Ltd,5.08,5.08,4.71,4.78,374838,5.03
02OCT2024,TPLI,0812,TPL Insurance,10.0,10.25,9.72,9.72,10422,10
02OCT2024,TPLP,0838,TPL Properties,7.16,7.25,6.98,7.05,1387975,7.23
02OCT2024,TPLP-DEC,40,TPL Properties,0.0,0,0,7.41,0,7.6
02OCT2024,TPLP-NOV,40,TPL Properties,0.0,0,0,7.29,0,7.48
02OCT2024,TPLP-OCT,40,TPL Properties,7.3,7.3,7.05,7.14,427500,7.31
02OCT2024,TPLRF1,0836,TPL REIT Fund I,13.8,13.8,13.5,13.6,5723,13.51
02OCT2024,TPLT,0828,TPL Trakker Ltd,8.8,8.8,8.02,8.26,117528,8.88
02OCT2024,TREET,0810,Treet Corp,14.35,14.39,14.03,14.1,1204623,14.29
02OCT2024,TREET-DEC,40,Treet Corp,0.0,0,0,14.82,0,15.03
02OCT2024,TREET-NOV,40,Treet Corp,0.0,0,0,14.58,0,14.79
02OCT2024,TREET-OCT,40,Treet Corp,14.52,14.52,14.21,14.28,205500,14.48
02OCT2024,TRG,0828,TRG Pak Ltd,48.0,49.45,47.25,48.08,4631653,48.29
02OCT2024,TRG-DEC,40,TRG Pak Ltd,0.0,0,0,50.53,0,50.78
02OCT2024,TRG-NOV,40,TRG Pak Ltd,0.0,0,0,49.73,50000,49.98
02OCT2024,TRG-OCT,40,TRG Pak Ltd,48.6,49.94,48.1,48.61,5327500,48.77
02OCT2024,TRIPF,0818,Tri-Pack Films,111.03,111.52,111,111,1800,111.5
02OCT2024,TRSM,0819,Trust Modaraba,4.14,4.24,4,4.12,246410,4.01
02OCT2024,TSBL,0813,Trust Brokerage,13.55,13.55,12,12,50303,12.33
02OCT2024,TSMF,0806,Tri-Star Mutual,7.5,7.79,7.5,7.5,6,7.5
02OCT2024,TSML,0826,Tandlianwala Sugar,64.01,65.1,64.01,67,2,67
02OCT2024,TSPL,0824,Tri-Star Power,6.29,6.3,5.99,6,36065,6.09
02OCT2024,UBDL,0818,United Brands,14.2,14.56,14.1,14.11,1733,14.5
02OCT2024,UBL,0807,United Bank,289.51,297,289,295.35,284874,289.51
02OCT2024,UBL-DEC,40,United Bank,0.0,0,0,310.41,0,304.44
02OCT2024,UBL-NOV,40,United Bank,0.0,0,0,305.51,0,299.64
02OCT2024,UBL-OCTB,40,United Bank,286.99,290.99,286.99,290.99,4500,293.63
02OCT2024,UBLPETF,0837,UBLPakistanETF,18.32,18.54,18.32,18.54,3000,18.39
02OCT2024,UBLPETF-DEC,40,UBLPakistanETF,0.0,0,0,19.49,0,19.34
02OCT2024,UBLPETF-NOV,40,UBLPakistanETF,0.0,0,0,19.18,0,19.03
02OCT2024,UBLPETF-OCT,40,UBLPakistanETF,0.0,0,0,18.79,0,18.65
02OCT2024,UCAPM,0819,Unicap Modaraba,3.0,3,2.67,2.83,14483,2.98
02OCT2024,UDLI,0818,UDL Int.Ltd.,8.0,8.49,7.84,8,7509,8.25
02OCT2024,UDPL,0818,United Dist.,39.5,41.97,39.5,40,4015,40.2
02OCT2024,UNIC,0812,United Insurance,15.1,15.1,14.47,14.65,13878,14.73
02OCT2024,UNITY,0810,Unity Foods Ltd,25.59,26.3,25.1,25.5,928632,25.43
02OCT2024,UNITY-DEC,40,Unity Foods Ltd,0.0,0,0,26.8,0,26.74
02OCT2024,UNITY-NOV,40,Unity Foods Ltd,0.0,0,0,26.38,0,26.32
02OCT2024,UNITY-OCT,40,Unity Foods Ltd,25.85,26.65,25.7,25.83,791000,25.78
02OCT2024,UPFL,0810,Unilever Foods,17290.0,17300,17222,17295.8,49,17270
02OCT2024,UVIC,0812,Universal Ins.,7.87,8.44,7.45,7.46,8940,7.87
02OCT2024,WAHN,0805,Wah-Noble,218.0,230,218,226.11,21673,213.31
02OCT2024,WAVES,0803,Waves Corp Ltd.,6.15,6.37,6.15,6.19,1737605,6.27
02OCT2024,WAVESAPP,0803,Waves Home App,7.9,8.1,7.6,7.63,1473684,7.9
02OCT2024,WAVES-DEC,40,Waves Corp Ltd.,0.0,0,0,6.51,0,6.59
02OCT2024,WAVES-NOV,40,Waves Corp Ltd.,0.0,0,0,6.4,0,6.49
02OCT2024,WAVES-OCT,40,Waves Corp Ltd.,6.35,6.4,6.21,6.34,4693500,6.35
02OCT2024,WTL,0828,WorldCall Telecom,1.25,1.25,1.21,1.21,26473160,1.24
02OCT2024,WTL-DEC,40,WorldCall Telecom,0.0,0,0,1.27,0,1.3
02OCT2024,WTL-NOV,40,WorldCall Telecom,0.0,0,0,1.25,0,1.28
02OCT2024,WTL-OCT,40,WorldCall Telecom,1.25,1.26,1.22,1.22,3963000,1.26
02OCT2024,YOUW,0831,Yousuf Weaving,4.25,4.34,4.12,4.15,668823,4.33
02OCT2024,YOUW-DEC,40,Yousuf Weaving,0.0,0,0,4.36,0,4.55
02OCT2024,YOUW-NOV,40,Yousuf Weaving,0.0,0,0,4.29,0,4.48
02OCT2024,YOUW-OCT,40,Yousuf Weaving,4.35,4.35,4.03,4.17,86000,4.37
02OCT2024,ZIL,0810,ZIL Limited,237.27,237.27,217,235.14,115,215.7
